round,reviewer,file,category,severity,origin,outcome,summary
61,01+03+12,docs/03,soundness,hole,unknown,fixed,"Pin<T> sendability depended on where the pin came from, not its type; thread-bound pins now LocalPin<T>"
61,01+03+12,docs/03,soundness,gap,unknown,fixed,"Lock state of a concurrent object was only kept while in use; a weak pointer could reach it after destruction"
61,02,docs/02,soundness,hole,unknown,fixed,"A mutable view could be returned from a borrowed MutableSpan argument (alias)"
61,02,docs/02,soundness,hole,unknown,fixed,"A throw exit wasn't a use of scoped mutable parameters, so a callee could store a view and free its target"
61,02,docs/02,soundness,hole,unknown,fixed,"repeat-while conditions, subjectless when arms and where guards weren't full statements; a guard could outlive its pass"
61,04,docs/04,soundness,hole,unknown,fixed,"A projection through an under-aligned receiver's aligned temporary could dangle after the access"
61,04,docs/04,soundness,hole,unknown,fixed,"String ranges off a scalar boundary and \u{D800} built invalid UTF-8 in safe code"
61,05+examples,docs/05,soundness,gap,unknown,fixed,"Implied conformances to a shared base protocol were either an error or unsound"
61,05+examples,docs/05,soundness,hole,unknown,fixed,"A named @entry function converted to a plain function type, reaching checkpoints while the caller held views"
61,05+examples,docs/05,soundness,hole,unknown,fixed,"Closure<F> converted to Closure<@entry G> keeping a context not from .system"
61,05+examples,docs/05,soundness,hole,unknown,fixed,"A private member of another module's type could witness a protocol declared in the protocol's module"
61,06+08,docs/06,soundness,hole,unknown,fixed,"An open on a thread freshly entered from C could succeed on memory a reset let be reused"
61,06+08,docs/06,soundness,hole,unknown,fixed,"reallocate's result size, alignment and failure behavior were unspecified"
61,06+08,docs/06,soundness,gap,unknown,fixed,"The live-allocation precondition contradicted retired deinits freeing into stale or detached blocks"
61,06+08,docs/11,soundness,hole,unknown,fixed,"freeRaw and reallocateRaw were safe, allowing a double free"
61,06+08,docs/06,soundness,hole,unknown,fixed,"Box.leak lost the allocator word needed to check or free the storage"
61,07+README,docs/07,soundness,hole,unknown,fixed,"Synchronized and job-system promises lacked happens-before; a relaxed spinlock kept them and still raced"
61,07+README,docs/07,soundness,guarantee,unknown,fixed,"Waker's wake() was said to take no lock and never wait, which a target's wake(id:) could break"
61,09+11,docs/09,soundness,hole,unknown,fixed,"09 let a parks call inside a C callback leave the section at any depth, unlike 08"
61,09+11,docs/11,soundness,hole,unknown,duplicate,"freeRaw and reallocateRaw were safe (same as 06+08)"
61,09+11,docs/11,soundness,hole,unknown,fixed,"An error union could be Pod, so a bit cast made a tag no member uses"
61,09+11,docs/09,soundness,hole,unknown,fixed,"An @export function could return a Published read to C past its section"
61,10+13,docs/10,soundness,hole,unknown,fixed,"Freezing a const could revive a stale container whose memory evaluation had already reused"
61,10+13,docs/13,soundness,hole,unknown,duplicate,"\u{...} admitted surrogates and values past 10FFFF (same as 04)"
61,14,docs/14,soundness,hole,unknown,fixed,"The GpuBuffer example was a safe wrapper that let safe code free any id"
61,probes,docs/03,soundness,hole,unknown,duplicate,"Pin<T> sendability depended on its origin (same as 01+03+12)"
61,probes,docs/05,soundness,hole,unknown,fixed,"A static stored var witnessing read/modify let generic code race or keep a view across a reallocation"
62,14,docs/14,consistency,,latent,fixed,"D1 said lifetimes buy zero-cost stored references, while its table named compile-time proof as the real loss"
62,14,docs/14,consistency,,latent,fixed,"D14 and README named one exception to 'nothing is copied'; 01 lists the copying operations too"
62,14,docs/08,consistency,,latent,fixed,"'Retired' meant cross-thread retirement in 08 and 14 but any deferred destruction in 03"
62,14,docs/14,consistency,,latent,fixed,"D13 left out C that Rayo calls from the C obligations"
62,14,docs/14,consistency,,latent,fixed,"D16 said Send/Sync has nothing to separate; lock guards could be shared but not moved"
62,14,docs/14,consistency,,latent,fixed,"D6's per-instantiation list was incomplete and 'growth' undefined"
62,14,docs/14,consistency,,latent,fixed,"D1's Slice row omitted that the buffer must live in a concurrent object"
62,14,docs/14,consistency,,latent,fixed,"D9 said language rules alone make std concurrency safe; lending is an unsafe promise"
62,14,docs/14,consistency,,latent,fixed,"D15 restated D14 and dropped 01's exception for a mutating method's receiver"
62,14,docs/14,consistency,,latent,fixed,"D11 linked to the checkpoint loops instead of the path rule"
62,14,docs/14,clarity,,latent,fixed,"D11's Decision packed about eight rules into one paragraph"
62,14,docs/14,clarity,,latent,fixed,"D1 used 'rule 3' without saying where it is"
62,14,docs/14,clarity,,latent,fixed,"D1 implied a thread-bound object's conflicting accesses could span threads"
62,14,docs/14,clarity,,latent,fixed,"D10 said what safe code declares, omitting that a bare global var may be declared"
62,14,docs/14,clarity,,latent,fixed,"D13's stack-check clause was garbled"
62,14,docs/14,clarity,,latent,fixed,"D0 rejected the Rust stance without a reason"
62,14,docs/14,clarity,,latent,fixed,"D18's Problem named a cost Rayo already pays"
62,14,docs/14,worth-saying,,latent,fixed,"D3's Why restated D14, and the String-literal rule was stated in three places"
62,14,docs/14,worth-saying,,latent,fixed,"Swift comparisons in D17's Decision and D18's Cost"
62,14,docs/14,worth-saying,,latent,fixed,"Game framing ('once per frame') in D11's Rejected"
62,14,docs/14,clarity,,latent,fixed,"D12's heading used 'capabilities', which the section never defines"
62,14,docs/14,consistency,,latent,fixed,"Three links in 14 pointed at a chapter with no anchor"
62,probes,docs/soundness-probes,consistency,,regression-r61,fixed,"Probe accepted Comparable without a <, which is never derived"
62,probes,docs/soundness-probes,consistency,,regression-r61,fixed,"grow probe unpacked any P into T: P & Copyable, an error at the definition"
62,probes,docs/13,consistency,,regression-r61,fixed,"(A | B)(bitPattern:) doesn't parse; 13 now names such types through a typealias"
62,probes,docs/soundness-probes,consistency,,regression-r61,fixed,"Throw-exit probe was rejected by rule 5 before the exit rule applied"
62,probes,docs/soundness-probes,consistency,,latent,fixed,"Probe claimed two @c types' ids differ even where the stack reserve makes them one type"
62,probes,docs/soundness-probes,consistency,,regression-r61,fixed,"alias probe called the unsafe body a broken promise; the signature alone is rejected"
62,probes,docs/01,consistency,,regression-r61,fixed,"Whether a value when subject kept whole by a deinit takes & was unstated"
62,probes,docs/soundness-probes,consistency,,latent,fixed,"Probe said reclaimed after main's teardown; it happens during it"
62,probes,docs/soundness-probes,consistency,,regression-r61,fixed,"Engine.run is an instance method, not a function value"
62,probes,docs/soundness-probes,clarity,,regression-r61,fixed,"Second half of the stale-open probe wasn't a guaranteed rejection"
62,probes,docs/soundness-probes,consistency,,latent,fixed,"A Closure kept in a safe global must be @sendable"
62,probes,docs/soundness-probes,clarity,,latent,fixed,"A '@safe module' qualifier suggested other modules accept the code"
62,probes,docs/soundness-probes,consistency,,latent,fixed,"Fiber probe tagged A6 instead of C16"
62,probes,docs/soundness-probes,clarity,,latent,fixed,"'through a keep closure parameter' named no program"
62,probes,docs/soundness-probes,clarity,,regression-r61,fixed,"Recorder probe's 'which stores' had no clear antecedent"
62,probes,docs/11,clarity,,regression-r61,fixed,"'Both are unsafe' followed three functions, one of them safe"
62,probes,docs/soundness-probes,formatting,,regression-r61,fixed,"'In bounds' not italicized like the other rule names"
62,hard-cases,docs/hard-cases,consistency,,latent,fixed,"I12 called bit casts from any padding-free type safe; 04 requires Pod on both sides"
62,hard-cases,docs/11,consistency,,latent,fixed,"Safe code could read a RawAllocation's address, against G1; the field is now unsafe"
62,hard-cases,docs/hard-cases,consistency,,latent,fixed,"Must be sound and Unsound cited only 09 and 11, not every unsafe promise"
62,hard-cases,docs/hard-cases,consistency,,latent,fixed,"H4 rejected same-named generated members; 10 lets functions overload"
62,hard-cases,docs/hard-cases,consistency,,latent,fixed,"A6 rejected using the root in the UniquePointer version, which 02 accepts"
62,hard-cases,docs/10,consistency,,latent,fixed,"AnyEvent's computed case name broke on nested types; added T.baseName"
62,hard-cases,docs/06,design,,latent,fixed,"clone() stayed in the source's allocator, so nothing could copy a value out of an arena"
62,hard-cases,docs/hard-cases,clarity,,latent,fixed,"G1 and G4 stated a program obligation as a spec property and omitted dynamic accesses"
62,hard-cases,docs/hard-cases,consistency,,latent,fixed,"F6 singled out division by zero among every-build panics"
62,hard-cases,docs/hard-cases,consistency,,latent,fixed,"A1 absorbed A4 but didn't cover throwing a view"
62,hard-cases,docs/soundness-probes,consistency,,latent,fixed,"Probe labels 'must treat', 'Must import as' and 'Must not import' were undefined"
62,hard-cases,docs/hard-cases,clarity,,latent,fixed,"Terms list glossed view and Sendable loosely, after their first use"
62,hard-cases,docs/hard-cases,consistency,,latent,fixed,"'Rayo requires every copy to be written out' overclaims"
62,hard-cases,docs/hard-cases,clarity,,latent,fixed,"'should' and 'ideally' criteria can't be graded"
62,hard-cases,docs/hard-cases,worth-saying,,latent,fixed,"'as in any language', and 'show the rule' repeated in three cases"
62,hard-cases,docs/hard-cases,formatting,,latent,declined,"Must accept/reject take no colon where Must be sound/hold do; grammatical, kept"
62,07+README,docs/07,consistency,medium,regression-r61,fixed,"Waker's checking init had the primary's labels and types, an ambiguous overload"
62,07+README,docs/07,consistency,medium,latent,fixed,"07 and 11 called startup re-entry the one entry exception; 09 also lets nested entries in after shutdown"
62,07+README,docs/07,consistency,medium,latent,fixed,"'Task' named both the function and the value it returns"
62,07+README,docs/07,consistency,,latent,fixed,"Condvar example said globals suffice; 08 also requires the guard to come from a guard-making call"
62,07+README,docs/07,consistency,,latent,fixed,"TaskSet tasks needn't be Sendable only because TaskSet isn't; plus library advice"
62,07+README,docs/08,consistency,,latent,fixed,"08's list of threads running retired deinits missed the one dropping a Published value's last snapshot"
62,07+README,docs/07,consistency,,latent,fixed,"Channel was called a queue, which is Synchronized, contradicting non-Sendable items"
62,07+README,docs/07,consistency,,latent,fixed,"07 required a thread body's result to be Sendable while Runtime.startThread bodies return Void; 08's example returned one"
62,07+README,README,consistency,,regression-r61,fixed,"README's copy rules omitted the operations defined to copy their operands"
62,07+README,docs/05,consistency,,latent,fixed,"07 and 06 listed different calls the language makes; one list now lives in 05"
62,07+README,docs/07,consistency,,latent,fixed,"A static let in a static for body or static closure stood for many globals"
62,07+README,docs/07,consistency,,latent,fixed,"Thread-local copies were said to live while the thread runs Rayo code; teardown runs deinits after"
62,07+README,docs/07,consistency,,regression-r61,fixed,"Unlinked '(below)' references and a 'rule 4' with no chapter"
62,07+README,docs/07,consistency,,latent,fixed,"One-time values missing from the Synchronized types listed"
62,07+README,docs/07,clarity,,latent,fixed,"'stays sound while a guard is never destroyed' read as 'during'"
62,07+README,docs/07,clarity,,regression-r61,fixed,"await rule credited to scoped values only, and silent on the resume parameter"
62,07+README,docs/07,clarity,,latent,fixed,"Startup module-order sentence was convoluted"
62,07+README,docs/07,clarity,,latent,fixed,"'passes the toolchain's limits' read as 'stays within'"
62,07+README,docs/07,clarity,,regression-r61,fixed,"Intro said sections hold memory alive"
62,07+README,docs/07,clarity,,latent,fixed,"'Lent work' used before its definition"
62,07+README,docs/07,clarity,,latent,fixed,"Thread closure rule said @sendable Closure where any unscoped Sendable value qualifies"
62,07+README,docs/07,clarity,,latent,fixed,"'A task that awaits itself' meant a task func awaiting a call of itself"
62,07+README,docs/07,clarity,,latent,fixed,"'checked with that as its expected type' had no clear antecedent"
62,07+README,README,clarity,,latent,fixed,"README said steer's body runs on several threads; its closure does"
62,07+README,README,clarity,,latent,fixed,"README's grace-period definition drifted from 08's"
62,07+README,README,clarity,,latent,fixed,"README's stale-collection panic and dynamic-tier list didn't match 06 and 01"
62,07+README,README,clarity,,latent,fixed,"'Iteration is fast' read as loop iteration"
62,07+README,docs/07,worth-saying,,latent,fixed,"Only-Sendable-reaches-lent-work stated four times; a consequence sat in the promise list"
62,07+README,docs/07,worth-saying,,latent,fixed,"Thread.loop's implementation, game framing, and a restated resume-parameter rule"
62,07+README,docs/07,worth-saying,,regression-r61,fixed,"'is up to the target' defensive framing where a WakeTarget requirement belonged"
62,07+README,docs/07,formatting,,latent,fixed,"Sendable derivation list mixed labelled and unlabelled bullets and one overlong bullet"
62,07+README,README,worth-saying,,latent,fixed,"Comparison-table rows with marketing claims"
62,07+README,docs/07,design,low,latent,fixed,"A concurrent object's owner couldn't sit in a derived Synchronized struct or a lock-free value"
62,01+03+12,docs/07,consistency,medium,regression-r61,fixed,"Whether a global fit the const-eval limit decided whether an early read panicked; static-data globals now count as initialized only once startup reaches them"
62,01+03+12,docs/03,consistency,medium,regression-r61,fixed,"LocalPin and teardown promised deinits that a never-dropped pin prevents"
62,01+03+12,docs/01,consistency,medium,latent,fixed,"'A let of a computed property owns the value' was false for read accessors"
62,01+03+12,docs/01,consistency,,latent,fixed,"'A value takes no &' contradicted the for-loop sequence exception"
62,01+03+12,docs/01,consistency,,regression-r61,fixed,"Channel ends listed as Synchronized; 'no code can watch a value change' contradicted the next sentence"
62,01+03+12,docs/01,consistency,,latent,fixed,"A let could be assigned twice by a mutating closure"
62,01+03+12,docs/03,consistency,,latent,fixed,"Object ids are finite but no limit or panic was stated"
62,01+03+12,docs/01,consistency,,latent,fixed,"A let of a place a projection yields from a temporary read as a compile error"
62,01+03+12,docs/01,consistency,,latent,fixed,"var d: any P = sprite had no stated meaning"
62,01+03+12,docs/soundness-probes,consistency,,latent,fixed,"Probe on differently bound pattern names didn't say its subject was a place"
62,01+03+12,docs/01,consistency,,latent,fixed,"Destruction order omitted if case, while case and for-sequence hidden locals"
62,01+03+12,docs/12,consistency,,latent,fixed,"Prelude shadowing left T?, nil and for undefined in a module that shadows their names"
62,01+03+12,docs/12,consistency,,latent,fixed,"Target requirements allowed 32-bit size_t and plain C11 atomics"
62,01+03+12,docs/12,consistency,,latent,fixed,"Name(interning:) missing from the collision outcomes"
62,01+03+12,docs/01,consistency,,latent,fixed,"Dynamic tier row omitted Synchronized locks"
62,01+03+12,docs/01,consistency,,latent,fixed,"List of what takes a value omitted consuming receivers and move captures"
62,01+03+12,docs/12,clarity,,latent,fixed,"Unsupported 'linear in program size' claim"
62,01+03+12,docs/12,clarity,,regression-r61,fixed,"Runtime-work and announced-check lists read as exhaustive"
62,01+03+12,docs/03,clarity,,latent,fixed,"'thread-bound' and 'releasing code' used undefined"
62,01+03+12,docs/01,worth-saying,,latent,fixed,"Restatements in 01:133, 03:58 and 12:11"
62,01+03+12,docs/03,worth-saying,,latent,fixed,"Game framing, overclaims and residue in 03 and 12; place used before defined; consume introduced without example"
62,01+03+12,docs/01,formatting,,latent,fixed,"Mixed bold-label forms in six lists; a list with no lead-in"
62,01+03+12,docs/01,consistency,,latent,fixed,"Pool.remove returned the value while StablePool.remove destroyed it; take now moves out in both"
62,04,docs/04,soundness,hole,regression-r61,fixed,"extension Tagged<Int> could add a deinit or a declared marker, so generic code checked once copied a value with a deinit"
62,04,docs/04,soundness,gap,latent,fixed,"A secondary init could call self.init twice on a path that throws or returns nil, with no defined meaning"
62,04,docs/04,consistency,,regression-r61,fixed,"04 said every deinit makes destruction a use; PlainDeinit types don't"
62,04,docs/04,consistency,,regression-r61,fixed,"Under-aligned places listed 'a capture by reference' as an error that can't occur"
62,04,docs/04,consistency,,latent,fixed,"The collections example indexed past the end of a one-element list"
62,04,docs/04,consistency,,latent,fixed,"An implicit raw value could overflow its raw type"
62,04,docs/04,consistency,,regression-r61,fixed,"The literal '-' rule read as lexing n-1 as n and -1"
62,04,docs/04,consistency,,latent,fixed,"'A member type whose fields a static if chooses' contradicted 10's where-clause rule"
62,04,docs/04,consistency,,latent,fixed,"An interpolated literal's default type implied context could type it otherwise"
62,04,docs/04,consistency,,latent,fixed,"SoA column rules linked to the wrong 10 section"
62,04,docs/01,consistency,,latent,fixed,"Destruction order omitted a for loop's hidden locals and iterator"
62,04,docs/04,consistency,,latent,fixed,"No syntax reached a single hidden SoA column; added s[field:]"
62,04,docs/04,formatting,,latent,fixed,"std.math unformatted in places; table notes mixed link styles"
62,04,docs/04,consistency,,latent,fixed,"@align and @packed had no stated placement"
62,04,docs/04,design,,regression-r61,fixed,"An untyped shifted literal took the count's type, so 1 << bit silently computed in UInt8"
62,04,docs/04,design,,latent,fixed,"Union reads needed unsafe inside the union's own module when members weren't public"
62,04,docs/04,design,,latent,fixed,"The packed-struct ban on Synchronized values covered out-of-line storage"
62,04,docs/04,clarity,,latent,fixed,"The Name rule had a grammar slip and packed five rules into one sentence"
62,04,docs/04,clarity,,latent,fixed,"The for-loop desugaring contradicted the per-part binding rule"
62,04,docs/04,clarity,,regression-r61,fixed,"The swizzle sentence fused lane names and examples"
62,04,docs/04,clarity,,latent,fixed,"Bool niche note read as an obligation on C; 'out-of-range', 'SoA built on reflection', 'as it is written by name', a misplaced extension sentence, a far link"
62,02,docs/02,soundness,hole,latent,fixed,"unsafe code could meet the mutable-view rule with a dummy mutable argument and alias a borrowed span; the promise now covers where writes land"
62,02,docs/02,consistency,medium,latent,fixed,"A phantom type argument made Handle<Node> scoped, rejecting must-accept probe A8"
62,02,docs/02,consistency,,latent,fixed,"02 ended a projection's access at the statement's end, 01 when the call returns"
62,02,docs/04,design,,latent,fixed,"Rules 3 and 6 carved out an exception std's Slice couldn't implement; Slice is now a language type"
62,02,docs/02,consistency,,regression-r61,fixed,"Rule 2 gave a field the whole set, contradicting per-field sets"
62,02,docs/02,design,,latent,fixed,"Borrowed arguments carrying exclusive dependencies absorbed though nothing is stored through a borrowed view"
62,02,docs/06,consistency,,latent,fixed,"consuming function values and Closures counted as TrivialFree vacuously"
62,02,docs/02,clarity,,latent,fixed,"No rule gave Span and StringView range gets and first the outlives clause the examples need"
62,02,docs/02,clarity,,latent,fixed,"Which names rebind may target was unspecified"
62,02,docs/13,consistency,,latent,fixed,"Grammar comment limited where-clause self to mutating methods"
62,02,docs/02,worth-saying,,latent,fixed,"A task's state in the destruction-as-use list was vacuous"
62,02,docs/02,clarity,,latent,fixed,"Minor: undefined 'scoped closures', 'objects' payloads', incomplete ~Scoped list, broad rule 6 summary, cryptic bold label, advice sentences, library content, a wrong link, a duplicated guard-type definition, optional-projection typealias"
62,05+examples,docs/05,soundness,hole,regression-r61,fixed,"Implied conformances bypassed the orphan rule, so two modules could give one associated type two bindings"
62,05+examples,docs/05,soundness,hole,latent,fixed,"A consuming requirement could be called through an existential view, destroying the value twice"
62,05+examples,docs/05,consistency,medium,latent,fixed,"The overload filter admitted only widening, rejecting existential, Box and &-to-mutable-any-P arguments"
62,05+examples,docs/05,consistency,,regression-r61,fixed,"@noalloc skipped checking capture destruction for literals strengthened to consuming"
62,05+examples,docs/05,consistency,,latent,fixed,"The &v reborrow of a mutable any P was stated only in one bullet"
62,05+examples,docs/05,consistency,,latent,fixed,"Binding from the expected type covered only a result that is exactly the parameter"
62,05+examples,docs/05,consistency,,regression-r61,fixed,"Instantiation-time failures omitted builtin types' argument conditions; inline array counts unbounded"
62,05+examples,docs/05,consistency,,latent,fixed,"'A type conforms by declaring it' contradicted derived and structural conformances"
62,05+examples,docs/05,consistency,,latent,fixed,"The list of unscoped-existential origins read as complete but wasn't"
62,05+examples,docs/05,consistency,,regression-r61,fixed,"Function conversion 'throwing any error type' read as converting between error types"
62,05+examples,docs/05,design,,latent,fixed,"A mutating function value couldn't be forwarded twice"
62,05+examples,docs/05,design,,regression-r61,fixed,"Consumed Closure contexts piled up until scope end in loops"
62,05+examples,docs/05,design,,latent,fixed,"A mutable any P place couldn't be passed where any P is expected"
62,05+examples,docs/05,clarity,,regression-r61,fixed,"Garbled unpacking-cost sentence and an overbroad thread-body statement"
62,05+examples,docs/05,clarity,,latent,fixed,"Misplaced nested-declaration rule, pointer-only Syntax bullet, keep on non-borrowed parameters, slogan, unnamed protocol, task func inference, a repeated sentence, globals as captures"
62,05+examples,examples,clarity,,latent,fixed,"bindings.rayo claimed the module doesn't depend on Game's layout"
62,06+08,docs/08,soundness,hole,latent,fixed,"main could become a function value; calling it ended the caller's section while views were live, and its return shut the runtime down"
62,06+08,docs/06,soundness,hole,latent,fixed,"TrivialFree had no rule for existentials, so a Box<any P> holding a Shared could be frozen into read-only data"
62,06+08,docs/06,design,,latent,fixed,"@noalloc code couldn't destroy a value with a deinit or of a type parameter, or call C; @noalloc deinits, TrivialFree destruction and C noalloc added"
62,06+08,docs/06,design,,latent,fixed,"The container word contract prescribed one technique, forbidding a sound core with a word per allocation"
62,06+08,docs/11,consistency,,latent,fixed,"RawAllocation lacked the size and alignment that free and reallocate need; reallocateRaw now returns the updated record"
62,06+08,docs/06,consistency,,latent,fixed,"A container's open 'must fail' when stale, though a racing open may succeed"
62,06+08,docs/08,consistency,,latent,fixed,"A C call was said to begin a section at any depth"
62,06+08,docs/08,consistency,,regression-r61,fixed,"The one-depth-deeper list omitted @export functions and @c literal pointers called from Rayo"
62,06+08,docs/08,consistency,,latent,fixed,"Runtime.reclaim was listed as beginning a section"
62,06+08,docs/08,consistency,,latent,fixed,"The threads that run a retired deinit omitted one dropping the last Published snapshot"
62,06+08,docs/08,consistency,,regression-r61,fixed,"The nested @parks rule dropped inline array elements"
62,06+08,docs/06,consistency,,latent,fixed,"BlockHeader recorded its arena though initialize took none; stamps now unique across arenas"
62,06+08,docs/06,consistency,,latent,fixed,"AllocatorKind was used but never declared"
62,06+08,docs/08,consistency,,latent,fixed,"'A view never outlives its section' was too broad for views of static data"
62,06+08,docs/06,consistency,,latent,fixed,"Retirement was said to protect only other threads' views"
62,06+08,docs/06,consistency,,latent,fixed,"Only object memory was said to be delayed by accesses and pins"
62,06+08,docs/08,consistency,,latent,fixed,"Two names for the entry literal; 'any other call' read as any call but the example"
62,06+08,docs/08,clarity,,latent,fixed,"08:17 packed four rules into one bullet whose first and last sentences conflicted"
62,06+08,docs/08,clarity,,latent,fixed,"Runtime.park and Runtime.wake had no signatures; now unsafe, over a *UInt32 word"
62,06+08,docs/08,clarity,,latent,fixed,"Sections opened with motivating prose that stated no rule"
62,06+08,docs/06,worth-saying,,latent,fixed,"Library content stated as a language rule: std's fallible forms"
62,06+08,docs/06,worth-saying,,regression-r61,fixed,"Performance, layout and idiom notes on Slice and Font"
62,06+08,docs/06,worth-saying,,latent,fixed,"The no-backing rule stated three times, and a heap-failure restatement"
62,06+08,docs/08,worth-saying,,latent,fixed,"A redundant Mutex example in the retired-deinit list"
62,09+11,docs/11,soundness,hole,latent,fixed,"unsafe code could write a place a live view reads, or build overlapping MutableSpans, within every stated rule; 11 now requires raw accesses to respect borrows and views"
62,09+11,docs/09,soundness,hole,latent,fixed,"s.trailing(count:) was mutating, so it lent the struct whole and could point past a header temporary; now S.trailing(at:count:) on a pointer"
62,09+11,docs/09,soundness,hole,regression-r61,fixed,"Detach, shutdown and entry checks looked only at the current stack, missing a suspended fiber's Rayo frames"
62,09+11,docs/09,soundness,hole,regression-r61,fixed,"The UTF-8 obligation left out StaticString, and 11 didn't state it for unsafe code"
62,09+11,docs/09,soundness,gap,regression-r61,fixed,"A callback during a parks C call that left its section got a section of its own in one rule and none in another; after shutdown it both parked and went deeper"
62,09+11,docs/09,consistency,,regression-r61,fixed,"RawAllocation had no C representation though Box.leak hands one to C"
62,09+11,docs/09,consistency,,latent,fixed,"C array variables weren't importable, though a probe used one"
62,09+11,docs/09,consistency,,regression-r61,fixed,"An anonymous member can't be labeled by name in an imported struct's init"
62,09+11,docs/09,consistency,,latent,fixed,"The @opaque row's condition disagreed with the named-header rule"
62,09+11,docs/05,consistency,,latent,duplicate,"Function conversion across error types (already fixed from the 05 report)"
62,09+11,docs/09,consistency,,latent,fixed,"Flag enums conformed to std's OptionSet, which the language doesn't define"
62,09+11,docs/11,consistency,,latent,fixed,"The unregistered-allocator panic omitted the frees and growths 06 allows"
62,09+11,docs/11,consistency,,latent,fixed,"! and try! were missing from the check table"
62,09+11,docs/11,consistency,,latent,fixed,"The panic list omitted imported bitfield writes that don't fit"
62,09+11,docs/09,consistency,,latent,fixed,"The ownership-to-C sentence read as exhaustive but omitted List, String and TrailingArray"
62,09+11,docs/09,consistency,,latent,fixed,"C integer aliases didn't say CChar's signedness or which IntN each is"
62,09+11,docs/09,consistency,,latent,fixed,"The const T* row dropped _Nonnull"
62,09+11,docs/09,consistency,,latent,fixed,"Variadic functions had no stated function-type conversion or extern c form"
62,09+11,docs/09,consistency,,latent,fixed,"A field of an untagged enum with no typedef had no stated type"
62,09+11,docs/09,consistency,,latent,fixed,"Config-block rules didn't say whether they use C or prefix-stripped names, or that stack(n) is const"
62,09+11,docs/09,consistency,,latent,fixed,"Compiled static functions omitted those converted to @c pointers and what they reach"
62,09+11,docs/09,consistency,,regression-r61,fixed,"'on an inline function' for an extern c func that may name a library function"
62,09+11,docs/09,clarity,,regression-r61,fixed,"An obligation bullet carried the stack-need feature spec; now its own subsection"
62,09+11,docs/11,clarity,,latent,fixed,"Unsafe-conformance bullet, stack panic item, 'Two that both could', deinitialize wording, and permissions under the obligations heading"
62,09+11,docs/09,clarity,,latent,fixed,"Frame-owned memory in a shared arena, the named-header sentence, a macro 'condition'"
62,09+11,docs/09,clarity,,regression-r61,fixed,"Mixed bold-label style in the type identity list"
62,09+11,docs/09,worth-saying,,latent,fixed,"The checked-conversion example followed its rule"
62,09+11,docs/09,design,,latent,fixed,"Most Simd vectors and tuples had no C representation"
62,09+11,docs/09,design,,latent,fixed,"Preprocessor definitions split one C type into several across modules; identity is now kind, file and name, and readings must agree"
62,09+11,docs/09,design,,latent,fixed,"A pointer to an unmapped type dropped the whole declaration; it now imports as a pointer to Void"
62,10+13,docs/10,soundness,hole,regression-r61,fixed,"An unsafe Frozen type's bookkeeping could write a value frozen into read-only data; the promise now covers frozen values"
62,10+13,docs/10,soundness,gap,latent,fixed,"Freezing didn't keep an allocation's alignment or a pointer's offset into it"
62,10+13,docs/01,soundness,hole,latent,fixed,"Reflection's value[case:] wasn't in the enum-payload overlap rule, so two threads could race on a niche tag"
62,10+13,docs/10,soundness,hole,latent,fixed,"TypeInfo and AttributeInfo could be built by safe code, so a[as:] could read arbitrary bytes as an attribute"
62,10+13,docs/04,soundness,gap,latent,duplicate,"Compile-time Names weren't in the run-time interner (already fixed from the 04 report)"
62,10+13,docs/10,consistency,,latent,fixed,"Compile-time evaluation made diagnostic checks that unchecked removes at run time"
62,10+13,docs/13,consistency,,regression-r61,fixed,"No one-element tuple existed, though value[case:] and one-component archetypes need one; (T,) added"
62,10+13,docs/10,consistency,,latent,fixed,"Closures over compile-time lists weren't said to be instantiated per element, and 'type value' was undefined"
62,10+13,docs/10,consistency,,latent,fixed,"Listing and writing rules contradicted @reflect(private)"
62,10+13,docs/10,consistency,,latent,fixed,"Module.types included types inside generic declarations or functions, which have no single identity"
62,10+13,docs/10,consistency,,latent,fixed,"T.layoutId hashed layouts only, so a Bool-for-Int8 or case change looked current"
62,10+13,docs/10,consistency,,regression-r61,fixed,"Wrong-direction link and an undefined 'migration' example"
62,10+13,docs/11,consistency,,latent,fixed,"ptr(to:) was never defined, and 13 special-cased its &"
62,10+13,docs/13,consistency,,latent,duplicate,"The '-' literal rule broke n-1 (already fixed from the 04 report)"
62,10+13,docs/13,consistency,,latent,fixed,"The range whitespace rule contradicted its own xs[3...] example"
62,10+13,docs/13,consistency,,latent,fixed,"func-decl allowed a bodiless function with no meaning"
62,10+13,docs/13,consistency,,latent,fixed,"The generic-arguments follow set misread T == List<Int> || …"
62,10+13,docs/13,consistency,,latent,duplicate,"Where-clause subject comment too narrow (already fixed from the 02 report)"
62,10+13,docs/13,consistency,,regression-r61,fixed,"Grammar example used (*Int).construct, an error"
62,10+13,docs/13,consistency,,latent,fixed,"Trailing commas allowed by the note but not by most productions"
62,10+13,docs/10,consistency,,latent,fixed,"An import guard could read a module's own shadowing target"
62,10+13,docs/10,consistency,,latent,fixed,"TypeInfo.align vs T.alignment, and typeInfo's fields depended on the call site"
62,10+13,docs/10,consistency,,latent,fixed,"Links without anchors, and the static-allocator rule restated in 10"
62,10+13,docs/10,clarity,,latent,fixed,"The const rule never said an excluded initializer is an error; cStackReserve's 'target'; attribute 'Sendable and freezable'"
62,10+13,docs/13,clarity,,latent,fixed,"Modifier comment omitted public and private; the .name/T.name rule stated twice; *T? noted twice"
62,10+13,docs/10,design,,latent,fixed,"value[case:] had no consume, so reflective migration couldn't move payloads out"
62,10+13,docs/10,design,,latent,fixed,"A module couldn't generate from its own types; declaredTypes added"
62,10+13,docs/10,design,,regression-r61,fixed,"Each attribute type at most once per declaration; repeats now allowed with attributes(A.self)"
62,10+13,docs/10,design,,latent,fixed,"Build flags could only be Bool; Int and StaticString added"
62,10+13,docs/13,design,,latent,fixed,"A signature couldn't wrap before -> or throws"
63,14,docs/14,consistency,,latent,fixed,"D4 claimed any vendor C compiler can run Rayo, omitting 12's target requirements"
63,14,docs/14,consistency,,latent,fixed,"D7 said a Double meeting Float data is an error, but the Float widens; only narrowing is an error"
63,14,docs/14,consistency,,latent,fixed,"D14's copy-in list linked the wrong 01 anchor, omitted the literal String copy, and listed & as a way to take a value"
63,14,docs/14,consistency,,latent,fixed,"D6 restated 05's per-instantiation checks incompletely; now links 05"
63,14,docs/14,consistency,,latent,fixed,"D1's bold said 'no annotations' though where clauses and keep exist; loaded Why wording"
63,14,docs/14,consistency,,latent,fixed,"D15 claimed no lookahead, but mutable also begins mutable any P"
63,14,docs/14,consistency,,latent,fixed,"D11 said retired memory is reused once every thread left a section, and listed only lock-free objects"
63,14,docs/14,consistency,,latent,fixed,"D16: any cross-thread access waits, a repeated Cost bullet, and thread objects always ending"
63,14,docs/14,consistency,,latent,fixed,"D2 titled 'no reference counting in the language' though Shared counts; Cost linked 06 instead of 07"
63,14,docs/14,consistency,,regression-r62,fixed,"D0's Rejected line said a checked link needs a counted owner, contradicting D1's indices"
63,14,docs/14,consistency,,latent,fixed,"D5 cost said 8 bytes per owning value, though containers may keep a word per allocation or page"
63,14,docs/14,consistency,,latent,fixed,"D3's rejection of COW partly applied to Rayo's own literal String"
63,14,docs/14,consistency,,latent,fixed,"D17's bold said literals allocate only where the type is written, though String takes them anywhere"
63,14,docs/14,consistency,,latent,fixed,"D12's list of runtime guarantees read as closed, omitting startup, teardown and exit order"
63,14,docs/14,consistency,,latent,fixed,"D13 rejected 'import facts such as nonnull', though _Nonnull imports"
63,14,docs/14,clarity,,latent,fixed,"D1's Revisit-if candidate duplicated 02's per-field sets; removed"
63,14,docs/14,clarity,,regression-r62,fixed,"D13's C-function facts bullet was a run-on"
63,14,docs/14,clarity,,latent,fixed,"D9 said async/await isn't needed, though tasks use await"
63,14,docs/14,worth-saying,,latent,declined,"Examples in 14 repeat chapter examples; kept so each decision reads on its own, since they illustrate rather than restate rules"
63,14,docs/14,formatting,,latent,fixed,"D15 list labels, D6's 'What replaces each' label, D0 comment columns"
63,14,docs/soundness-probes,formatting,,regression-r62,fixed,"Two probes fused on one line, F2 under Existentials"
63,hard-cases,docs/hard-cases,consistency,,regression-r62,fixed,"M3 asked std's collections for fallible growth, and probe 270 used an undefined List.tryAppend; now the language's SoA and raw allocation, with SoA growth all-or-nothing"
63,hard-cases,docs/07,consistency,,latent,fixed,"C2's helper couldn't be written: Thread.scope's signature and the scope's type were never given"
63,hard-cases,docs/hard-cases,consistency,,latent,fixed,"K3 said the callback never runs retired deinits, though dropping the last Published snapshot does"
63,hard-cases,docs/hard-cases,consistency,,regression-r62,fixed,"G3's addresses C can hold omitted RawAllocation"
63,hard-cases,docs/hard-cases,consistency,,latent,fixed,"A7, A14 and E2 rejected more than the rules do"
63,hard-cases,docs/hard-cases,consistency,,latent,fixed,"G1's stored links omitted raw pointers and Allocator ids"
63,hard-cases,docs/hard-cases,consistency,,regression-r62,fixed,"G4 said 'no borrow' where the rules say no borrow and no dynamic access"
63,hard-cases,docs/soundness-probes,formatting,,regression-r62,duplicate,"Fused probe line (same as the 14 report)"
63,hard-cases,docs/hard-cases,clarity,,latent,fixed,"M2's cost criterion ignored deferred deinits; A5 asked bytes per reference for a layout 12 leaves open"
63,hard-cases,docs/hard-cases,clarity,,latent,fixed,"C10 self-contradiction, M4's external event, C14's old consumer, A3 and A7 wording, K2's false contrast, terms defined mid-file"
63,hard-cases,docs/hard-cases,consistency,,latent,fixed,"'objects' in the C++ sense, 'a List<T> copy', the Sendable glossary, an anchorless link"
63,hard-cases,docs/hard-cases,worth-saying,,latent,fixed,"Retired case IDs unexplained, K4's undefined threshold, defensive framing on Must reject"
63,hard-cases,docs/hard-cases,formatting,,latent,declined,"Must accept/reject labels without a colon: deliberate, since they take an object phrase, and shared with the probes"
63,probes,docs/soundness-probes,formatting,,regression-r62,duplicate,"Fused probe line (same as the 14 report)"
63,probes,docs/soundness-probes,formatting,,latent,declined,"A17's ID mid-bullet: it already ends the lead sentence, before the list"
63,probes,docs/soundness-probes,consistency,,regression-r62,fixed,"Msg.trailing probe wrote through a let MutableSpan"
63,probes,docs/soundness-probes,consistency,,regression-r62,fixed,"Flag race probe used _ = expr and bare on/off as case descriptors"
63,probes,docs/soundness-probes,consistency,,latent,fixed,"Slot probe didn't parse: a payload case with a raw value"
63,probes,docs/soundness-probes,clarity,,latent,fixed,"grab read as a second rejected item, though it is the attack the rule stops"
63,probes,docs/soundness-probes,clarity,,regression-r62,fixed,"'run-time copies write' a move-only Shared count; unclear 'which' in the epoll probe"
63,probes,docs/soundness-probes,clarity,,latent,fixed,"Probes filed under sections that don't cover them: allocators, literals, error unions, C identity, compile time"
63,probes,docs/soundness-probes,consistency,,latent,duplicate,"J2 described too narrowly (same as the 14 report)"
63,01+03+12,docs/07,soundness,hole,latent,fixed,"Static init check claimed chains end in the module, but a requirement call in an imported generic body leads back unchecked"
63,01+03+12,docs/12,consistency,,latent,fixed,"12:24 named only compile-time code as needing bodies, not every check at instantiation"
63,01+03+12,docs/01,consistency,,latent,fixed,"Read-only rule forbade unsafe writes through a let raw pointer, to bare global vars and to C variables"
63,01+03+12,docs/01,design,,latent,fixed,"A borrowed argument's get ran as the call began, rejecting items.insert(x, at: items.count)"
63,01+03+12,docs/01,consistency,,latent,fixed,"Whether a temporary takes & was stated both ways"
63,01+03+12,docs/01,consistency,,latent,fixed,"Parameter conventions missed parameters received owned without the word"
63,01+03+12,docs/01,consistency,,latent,fixed,"Copy-in list missed an owned subscript argument copied for a get and set pair"
63,01+03+12,docs/01,consistency,,latent,fixed,"'One owner at a time' had no exception for counted owners"
63,01+03+12,docs/01,consistency,,latent,fixed,"Safe code never defined; unchecked sat between tiers"
63,01+03+12,docs/01,consistency,,latent,fixed,"Take-conversions list missed Box to existential and closure to Closure"
63,01+03+12,docs/12,consistency,,regression-r62,fixed,"Slice<T> listed as library-open with a closure-fit claim that contradicts 05"
63,01+03+12,docs/12,consistency,,latent,declined,"Panic stop timing as a left-open item: covered by thread timing"
63,01+03+12,docs/03,consistency,,latent,fixed,"Object destruction 'never waits or panics' though its deinit may run at once"
63,01+03+12,docs/03,consistency,,regression-r62,fixed,"'An object with a lock built in' contradicted lock-free objects"
63,01+03+12,docs/03,consistency,,regression-r62,fixed,"Two terms, id and generation, for what a weak pointer names"
63,01+03+12,README,consistency,,regression-r62,fixed,"Dynamic tier omitted Synchronized locks added to 01"
63,01+03+12,docs/01,consistency,,latent,fixed,"Under-aligned exception given for the let row only; Slice access named blobs only"
63,01+03+12,docs/01,clarity,,latent,fixed,"Place definition, destruction order, hidden locals, stored-vs-get reason, static member takes, tier wording"
63,01+03+12,docs/03,clarity,,latent,fixed,"Reset deinit timing, creation race, forged bits, double negative, Handle lead-in"
63,01+03+12,docs/03,worth-saying,,regression-r62,fixed,"Spec-wide safety-count list inside the objects section duplicated 11"
63,01+03+12,docs/12,worth-saying,,latent,fixed,"12 restated D4 and monomorphization"
63,01+03+12,docs/01,worth-saying,,latent,fixed,"Primary initializer arguments listed twice, redundant consume in leak, 01's example duplicated README's, an anchorless link"
63,01+03+12,docs/01,formatting,,latent,fixed,"Copies label ended in a colon among period labels"
63,01+03+12,docs/soundness-probes,formatting,,regression-r62,duplicate,"Fused probe line (same as the 14 report)"
63,06+08,docs/06,soundness,hole,latent,fixed,"An object one reset retired and a pin kept past a second reset ran as the second's, so opening what it owned panicked or read reused memory"
63,06+08,docs/06,soundness,gap,latent,fixed,"Wrappers had no API to pass their backing's Allocation, block included, through, nor to free through the backing"
63,06+08,docs/06,design,,latent,fixed,"AllocatorImpl.free took no alignment though RawAllocation carries it"
63,06+08,docs/06,consistency,,regression-r62,fixed,"An allocator with no backing 'draws from no registered allocator', yet may draw from .system"
63,06+08,docs/08,consistency,,latent,fixed,"No thread named for an unregistered implementation's destruction"
63,06+08,docs/06,consistency,,regression-r62,fixed,"'a type that hides its deinit, such as an any P': a view owns nothing"
63,06+08,docs/08,consistency,,latent,fixed,"'Only returning to depth zero leaves the section' against a checkpoint ending one"
63,06+08,docs/08,consistency,,regression-r62,fixed,"'No Rayo frame lies below an outermost entry except a parks caller' ignored every checkpoint re-entry"
63,06+08,examples,consistency,,latent,fixed,"A parking queue built with an allocator argument, against the .system rule for parked-on state"
63,06+08,docs/06,consistency,,latent,fixed,"'A section entry or a checkpoint runs the queued deinits': only an outermost entry does"
63,06+08,docs/08,clarity,,latent,fixed,"'Sections nest': entries nest"
63,06+08,docs/06,consistency,,latent,fixed,"Release-point lists missed publish, container removal and thread end; README missed the Published snapshot freer"
63,06+08,docs/06,consistency,,latent,fixed,"Whether destroying a task suspended in 'using allocator' restores an allocator"
63,06+08,docs/06,consistency,,latent,declined,"Restoring an unregistered saved allocator: its next use panics, as every use of an unregistered id does"
63,06+08,docs/08,design,,latent,fixed,"@entry allowed only on methods read as excluding static methods"
63,06+08,docs/08,design,,latent,fixed,"Path rule excluded enum payloads of an entry-body local, such as if var r = &rx"
63,06+08,docs/08,consistency,,latent,fixed,"@parks promise said 'borrowed argument' where the path rule allows mutable ones"
63,06+08,docs/06,design,,latent,fixed,"Unregistering a wrapper over a heap leaked what it passed through, unstated"
63,06+08,docs/08,consistency,,regression-r62,fixed,"Startup thread's thread-locals missing from the section-entry exceptions"
63,06+08,docs/06,consistency,,regression-r62,fixed,"Allocation-failure rule called Box and Shared construction language operations"
63,06+08,docs/06,clarity,,latent,fixed,"'Every other allocator', 'a Box(Event())' as a place, 'keeps' for 'must keep', one 8-byte word per value"
63,06+08,docs/08,consistency,,latent,fixed,"@entry on a C entry had conflicting meanings"
63,06+08,docs/08,soundness,gap,latent,fixed,"No rule for a requirement call reaching a @parks witness, or a @parks function called through a value"
63,06+08,docs/06,clarity,,latent,fixed,"Current allocator 'used by constructors that allocate' missed recording without allocating and Closure conversion"
63,06+08,docs/06,worth-saying,,latent,fixed,"Motivation-first leads, a restated reset rule, a restated scoped-view rule, and std Blob.load API in rule text"
63,06+08,docs/soundness-probes,formatting,,regression-r62,duplicate,"Fused probe line (same as the 14 report)"
63,10+13,docs/10,soundness,hole,latent,fixed,"T.id left out the element a filter or map closure is instantiated for, so per-element local types shared an id"
63,10+13,docs/10,soundness,hole,latent,fixed,"StaticSpan<T> was unsafe Frozen for any unscoped T, so safe code could write its read-only data through an Atomic, a Shared count or a pin count"
63,10+13,docs/10,soundness,hole,latent,fixed,"Freezing rewrote only allocator words that record an allocation, leaving empty and literal-backed values naming the compile-time heap"
63,10+13,docs/10,soundness,gap,latent,fixed,"Compile-time heap exhaustion unspecified, letting a const's value depend on the building machine's memory"
63,10+13,docs/10,soundness,gap,latent,fixed,"Compile-time exclusions missed Runtime.park and wake, volatile accesses and integer-made pointers"
63,10+13,docs/10,consistency,,latent,fixed,"Views listed as having no reflectable fields, though Span declares fields reflection reads"
63,10+13,docs/13,consistency,,latent,fixed,"Type-then-member production couldn't parse its own (Int, Float).self example"
63,10+13,docs/13,consistency,,latent,fixed,"Multi-line string grammar forbade the indented closing delimiter its rule strips"
63,10+13,docs/13,consistency,,latent,fixed,"Expressions couldn't name a bare type as an == operand, though T == U is used"
63,10+13,docs/13,consistency,,latent,fixed,"A line ending in a generic-closing > read as continuing"
63,10+13,docs/13,consistency,,latent,fixed,"When-arm rules: a leading-dot pattern line joined the previous arm; function types in generic args started arms"
63,10+13,docs/10,consistency,,latent,fixed,"'Type value' meant T.self in 05 and a type in 10; typeInfo called on a type"
63,10+13,docs/10,consistency,,latent,fixed,"'A tuple of types' listed as a compile-time list with no syntax"
63,10+13,docs/10,consistency,,latent,fixed,"filter/map closures instantiated per element but not marked static, unstated"
63,10+13,docs/10,consistency,,latent,fixed,"deserialize example still instantiated the read for Transient fields"
63,10+13,docs/10,consistency,,latent,fixed,"static error message suggested @reflect(private), which doesn't help a private init"
63,10+13,docs/10,consistency,,latent,fixed,"Example cloned a List<Preset> whose Preset has no clone"
63,10+13,docs/10,consistency,,regression-r62,fixed,"TypeInfo shown non-public; initializers 'private to the prelude', which may be several modules"
63,10+13,docs/10,consistency,,latent,fixed,"target called predeclared and prelude-declared"
63,10+13,docs/10,consistency,,latent,fixed,"Limit overrun a compile error for every evaluation, against global lets falling back to startup"
63,10+13,docs/10,consistency,,latent,fixed,"Three undefined wordings for a const that reaches run time"
63,10+13,docs/07,design,,regression-r62,fixed,"Static stored lets banned in any static for body, though top-level and non-generic expansions have one instance each"
63,10+13,docs/01,consistency,,latent,fixed,"Two reflective projections whose fields may be one, in generic code, had no overlap rule"
63,10+13,docs/13,consistency,,latent,fixed,"Yield tuple lacked a trailing comma; >= not split in generic arguments; any P? ambiguous"
63,10+13,docs/10,formatting,,latent,fixed,"Static reflection label without a colon among colon labels"
63,10+13,docs/10,consistency,,latent,fixed,"T.module and name types unstated, layoutId through Shared, makeCase applicability, static error interpolation, computed-name positions, bodiless examples"
63,10+13,docs/10,design,,latent,fixed,"No way to test whether a build declares a flag"
63,10+13,docs/10,design,,latent,fixed,"Freezing banned every integer-made pointer, device register constants included"
63,10+13,docs/10,clarity,,latent,fixed,"Unchecked-at-compile-time wording, import condition order, cycle rule, freezable intro, exclusions as a list, bracket rule"
63,10+13,docs/10,worth-saying,,latent,fixed,"Navigation-only typeInfo bullet, restated Pod definition, restated one-element tuple and resume-parameter notes, rules before examples"
63,10+13,docs/10,worth-saying,,latent,declined,"Module-lists bullet, the D19 link, Frozen gloss, 'struct with a primary initializer', top-level import restatement: each a one-line link or needed qualifier"
63,10+13,docs/soundness-probes,formatting,,regression-r62,duplicate,"Fused probe line (same as the 14 report)"
63,02,docs/02,soundness,hole,latent,fixed,"An interpolated literal's type counted as sealed, so a result could borrow a dead shallow temporary"
63,02,docs/02,soundness,hole,latent,fixed,"Destroying an optional, inline array or Box holding a guard used no set, so the mutex could be consumed first"
63,02,docs/02,soundness,hole,latent,fixed,"The closure tie missed calls handed a mutating closure without consuming it, as once(&grow)"
63,02,docs/02,consistency,,latent,fixed,"Wrong link direction and a moveAll example showing only the default"
63,02,docs/02,consistency,,latent,fixed,"Temporaries passed to any outlives parameter omitted from the set-only list"
63,02,docs/02,consistency,,latent,fixed,"Loop-access example's 'when names is used after the loop' condition was wrong; probe too"
63,02,docs/02,consistency,,latent,fixed,"'A value p owns never views p's storage' contradicted doc.first = doc.text.view"
63,02,docs/02,consistency,,latent,fixed,"Field trading after a mutable call didn't say it reaches every depth"
63,02,docs/02,consistency,,regression-r62,fixed,"Scoping examples: Cursor called unscoped, Handle<Node>, ownership claimed for every scoped type"
63,02,docs/02,consistency,,latent,fixed,"'A view must stay within its scope' had no exception, against StaticSpan and Slice"
63,02,docs/02,consistency,,latent,fixed,"Guard type defined by a lock, excluding a lock-free object's read guard"
63,02,docs/02,design,,latent,fixed,"Closure-body stores couldn't depend on static storage, which is sound"
63,02,docs/02,consistency,,latent,fixed,"Top-level find with 'where return borrows self'; anchorless links"
63,02,docs/02,formatting,,latent,fixed,"Rule labels and the rule 5 list mixed colon and period forms"
63,02,docs/02,clarity,,latent,fixed,"'Carries' undefined, a convoluted mutable-view bullet, static storage under borrows x, assignment of place bindings, accessor yield scope, 'depends on less'"
63,02,docs/02,worth-saying,,latent,fixed,"StablePool and Channel library signatures among the language's ~Scoped list; restated rule 5 and closure-kind sentences; sections without an example first"
63,04,docs/04,soundness,hole,latent,fixed,"Run-time Name interning used the current allocator, so an arena reset left n.text, an immortal StaticString, dangling"
63,04,docs/11,soundness,hole,latent,fixed,"ptr(to:) of an under-aligned place returned the address of the aligned temporary, dead after the call"
63,04,docs/04,consistency,,latent,fixed,"Union member writes called always safe, against unsafe members"
63,04,docs/04,consistency,,latent,fixed,"A payload enum was tag plus union with no niche exception; a probe called Bool's value a niche"
63,04,docs/04,consistency,,latent,fixed,"@align(N) size rounded to the fields' alignment, against the 16-byte Slot example"
63,04,docs/04,consistency,,latent,fixed,"Closure as a Synchronized holder named in one list and left implicit in three"
63,04,docs/04,consistency,,latent,fixed,"SlotIndex headers without struct; a { get } requirement form"
63,04,docs/11,consistency,,latent,fixed,"Valid values of a type with an invariant weren't limited to those its initializers produce"
63,04,docs/04,clarity,,latent,fixed,"Stride undefined, recs offset sentence, generic packed rule, loop element binding, SoA column order, form precedence, empty-enum size, == returning Bool, one-sided ranges, raw values that don't fit, T? written as such, zero-size span casts"
63,04,docs/04,worth-saying,,latent,fixed,"Secondary-initializer cycle rule restated under extensions (moved to its rule), Vec3 API catalogue, 'lattice', 'end to end' for unions, 'never one over bool' (C23 bool enums now defined in 09), @noalloc literal list incomplete, bold labels mixed"
63,04,docs/04,worth-saying,,none,declined,"Enum section restating self-containment: no such restatement exists"
63,04,docs/04,worth-saying,,none,declined,"Example comments in the strings block restate prose: they are the examples-first form"
63,04,docs/04,worth-saying,,none,declined,"Rationale sentences at 70/518 and moving deinit placement out of Initializers: each carries a rule or its reason"
63,04,docs/04,design,low,none,declined,"Bit casts from padding-free non-Pod sources: reading bits of a type with private or unsafe fields bypasses its access control"
63,05+examples,docs/05,soundness,hole,latent,fixed,"A conformance to a protocol inheriting Copyable or Pod implied the marker unchecked, so safe code could copy a String twice or build an invalid Bool; markers are now never implied"
63,05+examples,docs/05,soundness,hole,latent,fixed,"A conditional conformance to a protocol inheriting Synchronized, such as AllocatorImpl, made the marker conditional, so generic code could copy a lock"
63,05+examples,docs/05,soundness,hole,latent,fixed,"A @threadlocal static var could witness a 'where yield borrows static' requirement, so a view outlived its dynamic access"
63,05+examples,docs/05,soundness,gap,latent,duplicate,"A requirement call reaching a @parks witness wasn't said to be a parking wait (fixed this round in 08)"
63,05+examples,docs/05,consistency,,latent,fixed,"An implied Frozen escaped the rule against Frozen on Synchronized types; derived conformances didn't count for the orphan rule's implied case"
63,05+examples,docs/05,consistency,,regression-r62,fixed,"The mutable-callback example passed &body to the non-mutating each"
63,05+examples,docs/12,consistency,,regression-r62,duplicate,"Closure inline fit depended on library layouts and Slice was missing from the no-inline list (fixed this round in 12)"
63,05+examples,docs/05,consistency,,latent,fixed,"Protocol extensions used but never specified: defaults, other members, which module declares defaults, calls on any P"
63,05+examples,docs/05,consistency,,latent,fixed,"Calls the language makes missed a range pattern's contains and makeIterator; capture rule missed moved-out captures; 'which the call took' for an uncalled value; thread-local capture was dead text"
63,05+examples,docs/05,consistency,,latent,fixed,"WakeTarget unlinked, anchorless links to 06 and 13; the type-value clash was already fixed in 10"
63,05+examples,examples,consistency,,latent,fixed,"bindings.rayo import comment omitted newGame; jobs.rayo 'checked a != b' named the wrong values"
63,05+examples,docs/05,clarity,,latent,fixed,"What assigning to box.value does, the garbled unsafe-inheritance sentence, the overlong @noalloc bullet, a too-narrow reason, an ambiguous any P view, default parameters in overload matching"
63,05+examples,docs/05,clarity,,regression-r62,fixed,"'with the same operators and defaults for every type' said nothing"
63,05+examples,docs/05,design,,latent,fixed,"box.downcast's convention was unstated and a consuming form lost the value on mismatch; it is now an optional projection"
63,05+examples,docs/05,worth-saying,,latent,fixed,"The &v reborrow stated three times; a startThread paragraph using terms before their definitions; a Globals bullet that follows from 07; a default-argument example"
63,05+examples,examples,worth-saying,,latent,fixed,"bindings.rayo comment relied on a 'uses Game's layout' concept the spec lacks"
63,05+examples,docs/05,design,,latent,fixed,"No way to call a consuming requirement on an owned Box<any P>; an owned box now unpacks as owned T"
63,05+examples,docs/05,design,,latent,fixed,"keep was banned on owned parameters, so no closure could store a move-only scoped value such as a MutableSpan chunk; keep owned added"
63,05+examples,docs/05,design,,latent,fixed,"@noalloc code couldn't call a C callback; @c noalloc pointer types added, with the unmarked-to-marked conversion unsafe"
63,05+examples,docs/06,design,,latent,fixed,"Dropping a Closure<@noalloc F> counted as allocating although its captures' destruction was already checked"
63,05+examples,docs/05,design,,latent,fixed,"== was derived only when every field conformed to the declared protocol, so a Comparable struct with a Handle field got none"
63,05+examples,docs/05,design,low,latent,fixed,"f(_: Int) and f<T>(_: T) were ambiguous for an Int; a non-generic candidate now wins the tie"
63,07+README,docs/07,consistency,,regression-r62,fixed,"07 counted only the prelude's modules as imports while 12 counted every module they import, so a prelude module importing a std module had no startup order"
63,07+README,docs/07,consistency,,latent,fixed,"The lending promise read literally forbade a pool job system's raw pointer passing through a global queue; 'keeps' now means past the call, in 07 and 02"
63,07+README,docs/07,clarity,,latent,fixed,"The Poll.waiting comment and 'must ignore a stale id' read as obligations on a safe protocol; a poll may come at any step and a wake is a hint"
63,07+README,docs/07,clarity,,regression-r62,fixed,"'must ignore an id it no longer runs' was a must on a safe protocol"
63,07+README,docs/03,consistency,,latent,duplicate,"Links for 'a concurrent object's value must be Sendable' pointed at the Synchronized contract (fixed this round in 03)"
63,07+README,README,consistency,,latent,fixed,"README said the one aliasing promise is the parameters', against 11's binding and view promises"
63,07+README,docs/07,design,,latent,fixed,"An awaited task call's scoped result depended on the temporary task's storage, rejecting 'let d = await pickDoor(); d.open()'"
63,07+README,docs/07,consistency,,latent,fixed,"Channel creation claimed a per-use check that channel ends don't make; dropped from 07 and the probe"
63,07+README,docs/07,consistency,,latent,fixed,"Published<T: Frozen> omitted Sendable, which every Synchronized type's contents need"
63,07+README,README,consistency,,latent,fixed,"README's dynamic-check and runtime-call rows omitted declarations and teardown work (tier locks and Published freeing fixed earlier this round)"
63,07+README,docs/07,clarity,,regression-r62,fixed,"'A task never holds itself' covered recursion through a Box and restated 04"
63,07+README,docs/07,clarity,,latent,fixed,"Sender.push's convention unstated, so a shared Sender's producer side was open"
63,07+README,docs/07,clarity,,latent,fixed,"'After the call that made it returns', 'the thread whose caller holds the lock', capture-list syntax restated from 05"
63,07+README,docs/07,consistency,,regression-r62,fixed,"Condvar example wrote 'g = m.lock()' with no binding"
63,07+README,README,worth-saying,,latent,fixed,"Comparison rows framed general problems through engines and consoles; kept the tables, generalized the framing, corrected the C# row"
63,07+README,README,worth-saying,,latent,fixed,"Copy exceptions stated in both the Values bullet and pillar 1"
63,07+README,docs/08,worth-saying,,latent,fixed,"'Live across' defined fully in both 07 and 08; 03 restated teardown steps; the startup thread queue restated without a link"
63,07+README,docs/07,worth-saying,,none,declined,"Bare-global and global-Sendable statements repeated: each adds a detail the others lack (types, the list of what safe code uses)"
63,07+README,docs/07,formatting,,latent,fixed,"Mixed bold-label forms in the lock, thread-local, startup and task lists and README's tiers bullet"
63,07+README,docs/07,formatting,,regression-r62,fixed,"'A global in static data' label added in r62 broke the startup list's label form"
63,07+README,docs/07,clarity,,latent,fixed,"Garbled 'or a global queue' comment"
63,09+11,docs/09,soundness,hole,latent,fixed,"Only a C entry's returned view was restricted, so one stored into a mutable parameter, an owned MutableSpan or returned by a @c literal could outlive the section"
63,09+11,docs/09,soundness,hole,latent,fixed,"The generated header's free functions ran deinits and allocator hooks without entering Rayo, so no section or startup check covered them"
63,09+11,docs/11,soundness,hole,latent,duplicate,"ptr(to:) of an under-aligned place returned a temporary's address (fixed this round from 04)"
63,09+11,docs/11,soundness,hole,latent,fixed,"No rule forbade writing read-only memory C or the platform provides, directly or through a MutableSpan C passes"
63,09+11,docs/11,consistency,,regression-r62,fixed,"11 forbade writing any lock-free object's value, though a Synchronized one is written through its own operations"
63,09+11,docs/09,consistency,,latent,fixed,"Ownership handed to C other than by return had no rules and possibly no free function in the header"
63,09+11,docs/09,consistency,,latent,fixed,"A parks call's mutable argument keeps a place borrowed, against 'no Rayo place stays borrowed'; the path rule now applies"
63,09+11,docs/09,consistency,,latent,fixed,"Spans C passes weren't required to hold valid values or be writable for a MutableSpan"
63,09+11,docs/11,consistency,,latent,fixed,"11 and 04 disagreed on when reading a union member needs unsafe"
63,09+11,docs/09,consistency,,latent,fixed,"Attach and detach after rayo_shutdown said panic, against the nested-entry exceptions"
63,09+11,docs/09,consistency,,latent,fixed,"Literal macros took Rayo's default type, so 0xFFFFFFFFFFFFFFFF didn't fit and 0xFFFFFFFF differed from (0xFFFFFFFF + 0); they now take C's type"
63,09+11,docs/09,clarity,,regression-r62,fixed,"Config block used before definition"
63,09+11,docs/09,clarity,,latent,fixed,"A free-rule link pointed at nothing; detachOnReturn's 'outermost call' was ambiguous"
63,09+11,docs/11,clarity,,latent,fixed,"When a retired allocation stops being live, which allocator raw calls use, pointer arithmetic on *Void and @opaque pointees, a thrown member already in the union, the bounds row narrower than the panic list"
63,09+11,docs/11,clarity,,regression-r62,fixed,"'Both go through its word' left the allocator ambiguous"
63,09+11,docs/09,worth-saying,,latent,fixed,"parks listed as an assertion though it asserts nothing falsifiable; each call's unsafe promise is what keeps it sound"
63,09+11,docs/09,worth-saying,,latent,fixed,"'On its own thread' in the signal-handler rule added nothing"
63,09+11,docs/09,consistency,,latent,fixed,"The inline-C example used arm_neon.h and failed on other targets"
63,09+11,docs/09,design,low,none,declined,"Importing const-qualified C variables as global lets: C may not hold valid Rayo values there, and reads already go through unsafe"
64,09+11,docs/09,soundness,hole,regression-r63,fixed,"A List Rayo passed borrowed counted as handed to C ('passes to C by value'), so C could free it and Rayo destroy it again; values C returns or writes into Rayo memory weren't said to become Rayo's"
64,09+11,docs/08,soundness,hole,latent,fixed,"A C entry's mutable parameter could be used after a checkpoint, writing C-lent memory a grace period had freed"
64,09+11,docs/09,soundness,hole,latent,fixed,"No rule bound how long a view C writes into Rayo memory stays live, only one C returns"
64,09+11,docs/11,soundness,hole,latent,fixed,"Whether a local keeps its address across moves was unspecified, so unsafe writes through a pointer to a moved-from local could reach the destination; task locals and Closure captures move with their value"
64,09+11,docs/11,soundness,hole,latent,fixed,"p.move() wasn't among the raw accesses that must respect borrows, so moving out under a live view kept every stated rule"
64,09+11,docs/08,consistency,,regression-r63,fixed,"08 said a C parks call needs only the check, against 09's path rule for a mutable argument"
64,09+11,docs/02,consistency,,latent,fixed,"S.trailing(at:count:) broke 02's shape rule for mutable views, and 'in the place of a mutable argument' excluded storage the argument owns"
64,09+11,docs/11,consistency,,latent,fixed,"'While a binding is live, nothing writes it' made the spec's own ptr(to: &raw) example undefined"
64,09+11,docs/11,consistency,,latent,fixed,"ptr(to:)'s two forms had no basis in the overload rules; 01 said a callee can't take a borrowed argument's address; probe called a let binding borrowed"
64,09+11,docs/05,design,,latent,fixed,"A @c func with a mutable T parameter couldn't convert to a C callback taking T* even inside unsafe"
64,09+11,docs/09,design,,none,declined,"Marking conventions in the generated header: the header's format beyond its declarations is the toolchain's"
64,09+11,docs/09,worth-saying,,latent,fixed,"The TrailingArray whole-struct rule restated in 09's trailing row; defer's position stated in both 01 and 11, each linking the other"
64,10+13,docs/10,soundness,gap,latent,fixed,"Members generated from a value parameter got no safe bound in generic code, so a generated guard field's destruction didn't count as a use"
64,10+13,docs/10,soundness,hole,latent,fixed,"A local const could freeze an any P view of another const that never reaches run time, since freezing follows only raw pointers; frozen values must be unscoped, and const initializers are checked as function bodies"
64,10+13,docs/05,soundness,hole,latent,fixed,"Reflective projections were checked per instantiation in 10 but borrow-checked once in 05, so value[f] of a packed field could return a span of a temporary"
64,10+13,docs/10,consistency,,latent,fixed,"Compile-time evaluation promised to catch all undefined behavior, including borrow violations it can't detect"
64,10+13,docs/02,design,,latent,fixed,"Generated members made destroying a value a use even when they could only be methods"
64,10+13,docs/10,clarity,,latent,fixed,"'static if members chosen' left out static for; the rules that treat generated declarations as written omitted moves, dependency sets and destruction order; 12's 'no runtime calls its source doesn't show' read as excluding deinits"
64,04,docs/04,soundness,hole,latent,fixed,"A zip with an & argument held in a place could be iterated by two nested loops, each handing out MutableRefs to one element; such a zip now iterates only by consuming"
64,04,docs/04,soundness,hole,latent,fixed,"A subscript whose where yield names an under-aligned argument yielded a view of the aligned temporary, which died at the statement's end"
64,04,docs/soundness-probes,consistency,,regression-r63,fixed,"Probe for for b in consume jobs relied on consuming iteration the loop rules didn't define; added ConsumingSequence, which [N of T] and owning collections conform to"
64,04,docs/04,consistency,,latent,fixed,"a ?? b handed its position to the binding v of if let v = a { v } else { b }, so a place's payload couldn't be borrowed past the statement"
64,04,docs/01,clarity,,latent,fixed,"A binding whose if arms give a place on one path and a value on another had no stated ownership, destruction or dependencies"
64,04,docs/04,design,,latent,fixed,"TextSink and Formattable as declared made a sink absorb what it was given, so a format couldn't write a view of its own stack buffer; sinks now copy (where self borrows static)"
64,04,docs/04,design,,latent,fixed,"No way to move elements out of an owned [N of T]; now through a consuming loop"
64,04,docs/04,consistency,,latent,fixed,"Which loop sequence temporaries became hidden locals: 'owning' in 04 and 01, every one in 02"
64,04,docs/04,clarity,,latent,fixed,"The consuming-counterparts receiver rule listed places after '(above)' so they read as access contexts"
64,04,docs/01,worth-saying,,latent,fixed,"01's for-pattern bullet repeated 04's iteration rules"
64,04,docs/04,worth-saying,,latent,fixed,"The SoA column example appeared three times in 04"
64,hard-cases,docs/04,consistency,,latent,fixed,"An expected move-only type picked a member's mutable form without &, against 01's rule that & marks every place lent for change; dropped, so &p.life and work.append(&data[0..<n]) are written"
64,probes,docs/04,consistency,,latent,duplicate,"& marking against 04's expected-type rule"
64,probes,docs/soundness-probes,consistency,,regression-r63,duplicate,"Probe 137 needs consuming iteration"
64,probes,docs/01,clarity,,latent,duplicate,"Binding with place and value arms"
64,hard-cases,docs/04,design,,latent,duplicate,"TextSink and Formattable absorption"
64,01,docs/soundness-probes,consistency,,regression-r63,duplicate,"Probe 137 needs consuming iteration"
64,01,docs/01,worth-saying,,latent,duplicate,"01:162 repeats 04's iteration rules"
64,14+README,docs/07,consistency,,latent,fixed,"Thread.scope took a non-mutating block, which rejected its own examples and hard case C2 that write captures; now consuming with R: ~Scoped, as Mutex.lock"
64,probes,docs/07,consistency,,latent,duplicate,"Thread.scope block type"
64,hard-cases,docs/07,consistency,,latent,duplicate,"Thread.scope block type"
64,07+08,docs/07,consistency,,latent,duplicate,"Thread.scope block type"
64,02,docs/07,consistency,,latent,duplicate,"Thread.scope block type"
64,03+06,docs/06,soundness,hole,latent,fixed,"Box.leak accepted a scoped T and its RawAllocation dropped the borrows, so a promise-keeping Box.adopt could unlock a destroyed mutex or read a freed string; leak now requires T: ~Scoped"
64,14+README,docs/06,soundness,hole,latent,duplicate,"Box.leak and Box.adopt let a scoped value escape its borrows"
64,02,docs/02,soundness,hole,latent,fixed,"A suspended access-bound accessor kept no hold on self or its subscript arguments once the shallow rule dropped the place, so its write-back could reach a freed box"
64,02,docs/02,soundness,hole,latent,fixed,"The unsafe keeping promise checked holding types only, so two scoped handles sharing one cell could hand out a value carrying borrows the receiving end never absorbed"
64,02,docs/02,soundness,hole,latent,fixed,"Assigning a stored field replaced its set even through a binding that may name either of two places, so the unchosen place kept a stale view unchecked"
64,01,docs/11,soundness,hole,latent,fixed,"ptr(to:) converted to a function value like any named function, so a call through it could pass a copy of its argument's bits and return a dangling address"
64,01,docs/01,soundness,hole,latent,fixed,"Inline array elements at 'distinct constant indices' were disjoint even for value parameters of a body checked once, so h<0, 0> lent one element twice"
64,01,docs/02,soundness,gap,latent,fixed,"An optional chain used as a whole value counted as a place though no B? lies in memory, so a borrowed argument made from it could be viewed past its statement"
64,01,docs/05,soundness,gap,latent,fixed,"A non-throwing function converted freely to a type throwing a scoped error, which changes which arguments must be the caller's place, so caller and callee disagreed"
64,probes,docs/02,soundness,hole,latent,fixed,"Nothing said a generic owned T may be a mutable view, so a generic body could store a view of its own local through it into the caller's buffer"
64,probes,docs/02,consistency,,latent,fixed,"'Mutable view' was defined as spans and refs only, while rules 3 and 4 and 01 treated mutable any P, guards and mutating closures as mutable views"
64,02,docs/02,consistency,,latent,duplicate,"Mutable view defined narrowly but used broadly"
64,03+06,docs/03,soundness,gap,latent,fixed,"Nothing said a home thread's identity is never reused, so a C thread started after another exited without detaching could adopt its leaked objects with no happens-before on their marks"
64,03+06,docs/03,soundness,gap,latent,fixed,"No ordering between a pin's drop on another thread and the deinit or reuse that waited for it, so C's last access through the address could race with the deinit"
64,03+06,docs/07,consistency,,latent,fixed,"07 said no retired value's deinit runs during startup, against 03's deinit that runs at once when an unaccessed object is destroyed"
64,03+06,README,consistency,,latent,fixed,"README said cycles can't leak, though owner cycles through objects can"
64,03+06,docs/01,consistency,,latent,fixed,"01's list of operations that copy without copy omitted using allocator = a; also an inline array's init(repeating:) and Simd lane reads; D14 now cites 01 instead of restating it"
64,14+README,docs/01,consistency,,latent,duplicate,"using allocator = a makes an unlisted copy"
64,01,docs/01,consistency,,latent,duplicate,"Implicit copy list incomplete (repeating:, lane reads)"
64,03+06,docs/01,consistency,,latent,fixed,"StablePool pins, taken through a shared borrow and observable by take(h), weren't in 01's list of shared mutable state"
64,03+06,docs/06,clarity,,latent,fixed,"A retired object's deinit could open values a reset of its own allocator made stale, but not those a reset of an allocator it is built over made stale"
64,03+06,docs/03,clarity,,latent,fixed,"Whether w.value == nil takes a mark was unstated; it checks liveness only"
64,03+06,docs/03,clarity,,latent,fixed,"stablePool.pin(h) with a stale handle had no stated result; it returns nil"
64,03+06,docs/03,clarity,,latent,fixed,"03's marks bullet read as an exhaustive list, and one sentence ran three rules together"
64,03+06,docs/06,clarity,,latent,fixed,"06 said an object's owner isn't an owning value, against 03 where it owns its object's storage"
64,03+06,docs/11,clarity,,latent,fixed,"ptr(to:) of an object's value or a thread-local was unspecified: its dynamic access ends with the call"
64,03+06,docs/02,clarity,,latent,fixed,"LocalPin missing from the types that aren't PlainDeinit; a link in 06 said above for a section below"
64,14+README,README,consistency,,latent,fixed,"README said every use of a copyable const takes a new value, against 01 where a let of it borrows it"
64,14+README,README,clarity,,latent,fixed,"README said every parameter borrows its argument, ignoring owned"
64,14+README,docs/05,clarity,,latent,fixed,"What a closure captures when its body names a binding of a place was unstated, so it could re-evaluate the path and take a new mark each call"
64,14+README,docs/05,design,,latent,fixed,"Closure captures stopped at every index, so two closures writing a[0] and a[1] conflicted though 01 keeps those places apart; captures now follow 01's disjoint places (SoA columns, reached through a mutating get, stay whole)"
64,14+README,docs/14,clarity,,latent,fixed,"D1 said a result depends on every argument lent, omitting what scoped owned arguments carry"
64,probes,docs/05,consistency,,latent,fixed,"05 said rule 5 treats a closure parameter as a local of the call, which would forbid entries.map { $0.name.view } that 02 and probes accept"
64,probes,docs/soundness-probes,clarity,,latent,duplicate,"Probe called let x = 5 borrowed"
64,02,docs/01,consistency,,latent,fixed,"01 said a call ends every access it began when it returns, against access-bound accesses that last until their dependents' last use"
64,02,docs/02,consistency,,latent,fixed,"02's list of values &p makes omitted a mutating function value, which 01 and 05 list"
64,02,docs/02,clarity,,latent,fixed,"Destruction-as-use didn't say a *T field counts as holding a T, so List<MutexGuard<T>> keeping its mutexes borrowed didn't follow for user containers"
64,02,docs/02,clarity,,none,declined,"'Sealed' defined inside the closure-storage bullet: it is bolded where first used, before every other use"
64,02,docs/02,clarity,,latent,fixed,"Rule 4's headline listed only mutable arguments; owned mutable views and a modify's yield absorb too"
64,02,docs/02,clarity,,latent,fixed,"'Its rule for exits' pointed nowhere"
64,02,docs/02,clarity,,latent,fixed,"'Full statement' was defined in passing and used unlinked in 05 and 11"
64,02,docs/02,clarity,,latent,fixed,"A lone access-bound read seemed to meet { get set }"
64,02,docs/02,design,,latent,fixed,"A closure received owned by concrete type (some F) absorbed like an unsealed mutable argument, so each(enemies.span) { … low.append(…) } tied low to the temporary; it now seals as a function value does"
64,05+examples,docs/02,design,,latent,duplicate,"some F closures miss 02's absorption exemption"
64,05+examples,docs/04,consistency,,latent,duplicate,"TextSink and Formattable can't be implemented"
64,01,docs/01,clarity,,latent,fixed,"When a get runs for an owned argument, a mutating receiver or a mutable form was unstated"
64,01,docs/01,consistency,,latent,fixed,"01 received only some F parameters of mutating or consuming function type owned, not a named type parameter B: F that 05 defines as the same, and omitted mutable any P's 'unless declared mutable'"
64,01,docs/01,clarity,,latent,fixed,"Assigning a field of a place that holds no value was unaddressed, which would build a value without its initializer; partly moved fields had no destruction order"
64,01,docs/05,clarity,,latent,fixed,"An existential-to-existential conversion from a place didn't say whether it takes, borrows or copies"
64,01,docs/01,clarity,,latent,fixed,"'Immutable borrow' in 01 contradicted borrowed Mutex, Atomic and object owners that change; now 'shared borrow'"
64,01,docs/01,clarity,,latent,fixed,"01's owned-pattern rule omitted the type's own deinit exception; 'boss must be a var' excluded mutable parameters; hidden locals used before defined; 01:93's 'neither' and 'both' had no referents"
64,01,docs/01,design,,latent,fixed,"Owned arguments and consuming receivers were taken at evaluation, so builder.finish(builder.count) was rejected; now taken as the call begins, as borrows are"
64,01,docs/01,design,,latent,fixed,"A type with a deinit couldn't hand out its fields from its own consuming method, nor close once in close() throws; added discard self in its own module"
64,01,docs/07,design,,latent,fixed,"total += await next() on a task's own local was rejected though only the body reaches that state; such places are worked out again on resuming"
64,01,docs/01,design,,latent,fixed,"when connect().state was rejected when Conn declares a deinit; the whole temporary now stays in the arm's hidden local"
64,01,docs/05,worth-saying,,latent,fixed,"05 restated 01's owned-parameter rule twice and 01:133 restated the let table cell"
64,05+examples,docs/05,clarity,,latent,fixed,"05:225 read as if a consuming closure is also passed with &"
64,05+examples,docs/05,worth-saying,,latent,duplicate,"05:99 repeats 05:97"
64,05+examples,docs/05,consistency,,latent,fixed,"05's per-instantiation recheck omitted static closures, which 10 and a probe check unrolled"
64,05+examples,docs/05,consistency,,latent,fixed,"A Closure<F> place converted only to F, not to the stronger kinds a value of type F converts to"
64,05+examples,docs/05,clarity,,latent,fixed,"The mutating trigger named only writes and mutating calls, not lending with &, var bindings or exclusive capture in a nested literal"
64,05+examples,docs/05,design,,latent,fixed,"A copyable @threadlocal static var couldn't witness { get } or { get set }, though each access can copy under its dynamic access"
64,05+examples,docs/05,design,,latent,fixed,"A closure literal kept in a hidden local only directly or as a call argument; a tuple or array element or an if arm's literal died with its statement"
64,07+08,docs/08,consistency,,latent,fixed,"A nested @parks wait counted only with a guard fresh from a guard-making method, so a condvar loop reusing an earlier wait's guard lost its checkpoint; and its paths omitted enum payloads"
64,07+08,docs/08,consistency,,regression-r63,duplicate,"08 said a C parks call needs only the check, against 09's path rule"
64,07+08,docs/08,consistency,,latent,fixed,"'No global is destroyed' in 07 and 08 and 'a global is never moved or destroyed' in 02 contradicted thread-locals, which are globals whose copies end in teardown; the path rule now names thread-locals"
64,07+08,docs/08,consistency,,latent,fixed,"08 said no view or access is live below an outermost entry and that a parking wait runs no other code, while qualifying waits keep places borrowed and C parks calls run callbacks"
64,07+08,docs/07,consistency,,latent,fixed,"A task's defer live across an await could use only its state, though 11 checks a defer where it runs and globals exist without a step"
64,07+08,docs/07,consistency,,latent,fixed,"07 invited unsafe Sendable on types holding lock guards or object pointers, a promise no such type can keep"
64,07+08,docs/07,clarity,,latent,fixed,"The library's deadline was the lending call's return, but a value kept in a scoped type gives up its borrows at its last use; a keeping type safe code can drop needs a waiting deinit"
64,07+08,docs/08,clarity,,latent,fixed,"08 said a wait borrows every place in an argument's dependency set, though only a consumed guard's can qualify"
64,07+08,docs/07,clarity,,latent,fixed,"'Consuming g ends every view derived from it' was wrong: consuming is an error while a view is live"
64,07+08,docs/08,design,,latent,fixed,"results.append(rx.waitPop()) and a let of an owned local's field across a checkpoint were rejected or lost their checkpoint, though unscoped path-rule places can't be freed or moved"
64,07+08,docs/08,design,,latent,fixed,"@entry functions and entry function types required owned parameters, forbidding @entry mutating func run() on an entry body's local"
64,07+08,docs/08,worth-saying,,latent,fixed,"08's C entry paragraph restated the depth rule from Sections"
